chr_name	begin	end	overlap_count	p-value
chr1	0	5000	2	0.244255
chr1	5000	10000	3	0.191211
